layer,type_baseline,input_shape_baseline,output_shape_baseline,in_channels_baseline,out_channels_baseline,kernel_baseline,groups_baseline,parameters_baseline,MACs_baseline,misaligned_to_baseline,type_pruned,input_shape_pruned,output_shape_pruned,in_channels_pruned,out_channels_pruned,kernel_pruned,groups_pruned,parameters_pruned,MACs_pruned,misaligned_to_pruned,parameter_reduction_%,MAC_reduction_%
conv_post,Conv1d,"(1, 32, 25600)","(1, 1, 25600)",32,1,"(7,)",1,226,5734400,"8,16,32",Conv1d,"(1, 32, 25600)","(1, 1, 25600)",32,1,"(7,)",1,225,5734400,"8,16,32",0.44,0.0
conv_pre,Conv1d,"(1, 80, 100)","(1, 512, 100)",80,512,"(7,)",1,287744,28672000,32,Conv1d,"(1, 80, 100)","(1, 512, 100)",80,512,"(7,)",1,287232,28672000,32,0.18,0.0
resblocks.0.convs1.0,Conv1d,"(1, 256, 800)","(1, 256, 800)",256,256,"(3,)",1,197120,157286400,none,Conv1d,"(1, 256, 800)","(1, 77, 800)",256,77,"(3,)",1,59213,47308800,"8,16,32",69.96,69.92
resblocks.0.convs1.1,Conv1d,"(1, 256, 800)","(1, 256, 800)",256,256,"(3,)",1,197120,157286400,none,Conv1d,"(1, 256, 800)","(1, 77, 800)",256,77,"(3,)",1,59213,47308800,"8,16,32",69.96,69.92
resblocks.0.convs1.2,Conv1d,"(1, 256, 800)","(1, 256, 800)",256,256,"(3,)",1,197120,157286400,none,Conv1d,"(1, 256, 800)","(1, 77, 800)",256,77,"(3,)",1,59213,47308800,"8,16,32",69.96,69.92
resblocks.0.convs2.0,Conv1d,"(1, 256, 800)","(1, 256, 800)",256,256,"(3,)",1,197120,157286400,none,Conv1d,"(1, 77, 800)","(1, 256, 800)",77,256,"(3,)",1,59392,47308800,"8,16,32",69.87,69.92
resblocks.0.convs2.1,Conv1d,"(1, 256, 800)","(1, 256, 800)",256,256,"(3,)",1,197120,157286400,none,Conv1d,"(1, 77, 800)","(1, 256, 800)",77,256,"(3,)",1,59392,47308800,"8,16,32",69.87,69.92
resblocks.0.convs2.2,Conv1d,"(1, 256, 800)","(1, 256, 800)",256,256,"(3,)",1,197120,157286400,none,Conv1d,"(1, 77, 800)","(1, 256, 800)",77,256,"(3,)",1,59392,47308800,"8,16,32",69.87,69.92
resblocks.1.convs1.0,Conv1d,"(1, 256, 800)","(1, 256, 800)",256,256,"(7,)",1,459264,367001600,none,Conv1d,"(1, 256, 800)","(1, 77, 800)",256,77,"(7,)",1,138061,110387200,"8,16,32",69.94,69.92
resblocks.1.convs1.1,Conv1d,"(1, 256, 800)","(1, 256, 800)",256,256,"(7,)",1,459264,367001600,none,Conv1d,"(1, 256, 800)","(1, 77, 800)",256,77,"(7,)",1,138061,110387200,"8,16,32",69.94,69.92
resblocks.1.convs1.2,Conv1d,"(1, 256, 800)","(1, 256, 800)",256,256,"(7,)",1,459264,367001600,none,Conv1d,"(1, 256, 800)","(1, 77, 800)",256,77,"(7,)",1,138061,110387200,"8,16,32",69.94,69.92
resblocks.1.convs2.0,Conv1d,"(1, 256, 800)","(1, 256, 800)",256,256,"(7,)",1,459264,367001600,none,Conv1d,"(1, 77, 800)","(1, 256, 800)",77,256,"(7,)",1,138240,110387200,"8,16,32",69.9,69.92
resblocks.1.convs2.1,Conv1d,"(1, 256, 800)","(1, 256, 800)",256,256,"(7,)",1,459264,367001600,none,Conv1d,"(1, 77, 800)","(1, 256, 800)",77,256,"(7,)",1,138240,110387200,"8,16,32",69.9,69.92
resblocks.1.convs2.2,Conv1d,"(1, 256, 800)","(1, 256, 800)",256,256,"(7,)",1,459264,367001600,none,Conv1d,"(1, 77, 800)","(1, 256, 800)",77,256,"(7,)",1,138240,110387200,"8,16,32",69.9,69.92
resblocks.10.convs1.0,Conv1d,"(1, 32, 25600)","(1, 32, 25600)",32,32,"(7,)",1,7232,183500800,none,Conv1d,"(1, 32, 25600)","(1, 10, 25600)",32,10,"(7,)",1,2250,57344000,"8,16,32",68.89,68.75
resblocks.10.convs1.1,Conv1d,"(1, 32, 25600)","(1, 32, 25600)",32,32,"(7,)",1,7232,183500800,none,Conv1d,"(1, 32, 25600)","(1, 10, 25600)",32,10,"(7,)",1,2250,57344000,"8,16,32",68.89,68.75
resblocks.10.convs1.2,Conv1d,"(1, 32, 25600)","(1, 32, 25600)",32,32,"(7,)",1,7232,183500800,none,Conv1d,"(1, 32, 25600)","(1, 10, 25600)",32,10,"(7,)",1,2250,57344000,"8,16,32",68.89,68.75
resblocks.10.convs2.0,Conv1d,"(1, 32, 25600)","(1, 32, 25600)",32,32,"(7,)",1,7232,183500800,none,Conv1d,"(1, 10, 25600)","(1, 32, 25600)",10,32,"(7,)",1,2272,57344000,"8,16,32",68.58,68.75
resblocks.10.convs2.1,Conv1d,"(1, 32, 25600)","(1, 32, 25600)",32,32,"(7,)",1,7232,183500800,none,Conv1d,"(1, 10, 25600)","(1, 32, 25600)",10,32,"(7,)",1,2272,57344000,"8,16,32",68.58,68.75
resblocks.10.convs2.2,Conv1d,"(1, 32, 25600)","(1, 32, 25600)",32,32,"(7,)",1,7232,183500800,none,Conv1d,"(1, 10, 25600)","(1, 32, 25600)",10,32,"(7,)",1,2272,57344000,"8,16,32",68.58,68.75
resblocks.11.convs1.0,Conv1d,"(1, 32, 25600)","(1, 32, 25600)",32,32,"(11,)",1,11328,288358400,none,Conv1d,"(1, 32, 25600)","(1, 10, 25600)",32,10,"(11,)",1,3530,90112000,"8,16,32",68.84,68.75
resblocks.11.convs1.1,Conv1d,"(1, 32, 25600)","(1, 32, 25600)",32,32,"(11,)",1,11328,288358400,none,Conv1d,"(1, 32, 25600)","(1, 10, 25600)",32,10,"(11,)",1,3530,90112000,"8,16,32",68.84,68.75
resblocks.11.convs1.2,Conv1d,"(1, 32, 25600)","(1, 32, 25600)",32,32,"(11,)",1,11328,288358400,none,Conv1d,"(1, 32, 25600)","(1, 10, 25600)",32,10,"(11,)",1,3530,90112000,"8,16,32",68.84,68.75
resblocks.11.convs2.0,Conv1d,"(1, 32, 25600)","(1, 32, 25600)",32,32,"(11,)",1,11328,288358400,none,Conv1d,"(1, 10, 25600)","(1, 32, 25600)",10,32,"(11,)",1,3552,90112000,"8,16,32",68.64,68.75
resblocks.11.convs2.1,Conv1d,"(1, 32, 25600)","(1, 32, 25600)",32,32,"(11,)",1,11328,288358400,none,Conv1d,"(1, 10, 25600)","(1, 32, 25600)",10,32,"(11,)",1,3552,90112000,"8,16,32",68.64,68.75
resblocks.11.convs2.2,Conv1d,"(1, 32, 25600)","(1, 32, 25600)",32,32,"(11,)",1,11328,288358400,none,Conv1d,"(1, 10, 25600)","(1, 32, 25600)",10,32,"(11,)",1,3552,90112000,"8,16,32",68.64,68.75
resblocks.2.convs1.0,Conv1d,"(1, 256, 800)","(1, 256, 800)",256,256,"(11,)",1,721408,576716800,none,Conv1d,"(1, 256, 800)","(1, 77, 800)",256,77,"(11,)",1,216909,173465600,"8,16,32",69.93,69.92
resblocks.2.convs1.1,Conv1d,"(1, 256, 800)","(1, 256, 800)",256,256,"(11,)",1,721408,576716800,none,Conv1d,"(1, 256, 800)","(1, 77, 800)",256,77,"(11,)",1,216909,173465600,"8,16,32",69.93,69.92
resblocks.2.convs1.2,Conv1d,"(1, 256, 800)","(1, 256, 800)",256,256,"(11,)",1,721408,576716800,none,Conv1d,"(1, 256, 800)","(1, 77, 800)",256,77,"(11,)",1,216909,173465600,"8,16,32",69.93,69.92
resblocks.2.convs2.0,Conv1d,"(1, 256, 800)","(1, 256, 800)",256,256,"(11,)",1,721408,576716800,none,Conv1d,"(1, 77, 800)","(1, 256, 800)",77,256,"(11,)",1,217088,173465600,"8,16,32",69.91,69.92
resblocks.2.convs2.1,Conv1d,"(1, 256, 800)","(1, 256, 800)",256,256,"(11,)",1,721408,576716800,none,Conv1d,"(1, 77, 800)","(1, 256, 800)",77,256,"(11,)",1,217088,173465600,"8,16,32",69.91,69.92
resblocks.2.convs2.2,Conv1d,"(1, 256, 800)","(1, 256, 800)",256,256,"(11,)",1,721408,576716800,none,Conv1d,"(1, 77, 800)","(1, 256, 800)",77,256,"(11,)",1,217088,173465600,"8,16,32",69.91,69.92
resblocks.3.convs1.0,Conv1d,"(1, 128, 6400)","(1, 128, 6400)",128,128,"(3,)",1,49408,314572800,none,Conv1d,"(1, 128, 6400)","(1, 38, 6400)",128,38,"(3,)",1,14630,93388800,"8,16,32",70.39,70.31
resblocks.3.convs1.1,Conv1d,"(1, 128, 6400)","(1, 128, 6400)",128,128,"(3,)",1,49408,314572800,none,Conv1d,"(1, 128, 6400)","(1, 38, 6400)",128,38,"(3,)",1,14630,93388800,"8,16,32",70.39,70.31
resblocks.3.convs1.2,Conv1d,"(1, 128, 6400)","(1, 128, 6400)",128,128,"(3,)",1,49408,314572800,none,Conv1d,"(1, 128, 6400)","(1, 38, 6400)",128,38,"(3,)",1,14630,93388800,"8,16,32",70.39,70.31
resblocks.3.convs2.0,Conv1d,"(1, 128, 6400)","(1, 128, 6400)",128,128,"(3,)",1,49408,314572800,none,Conv1d,"(1, 38, 6400)","(1, 128, 6400)",38,128,"(3,)",1,14720,93388800,"8,16,32",70.21,70.31
resblocks.3.convs2.1,Conv1d,"(1, 128, 6400)","(1, 128, 6400)",128,128,"(3,)",1,49408,314572800,none,Conv1d,"(1, 38, 6400)","(1, 128, 6400)",38,128,"(3,)",1,14720,93388800,"8,16,32",70.21,70.31
resblocks.3.convs2.2,Conv1d,"(1, 128, 6400)","(1, 128, 6400)",128,128,"(3,)",1,49408,314572800,none,Conv1d,"(1, 38, 6400)","(1, 128, 6400)",38,128,"(3,)",1,14720,93388800,"8,16,32",70.21,70.31
resblocks.4.convs1.0,Conv1d,"(1, 128, 6400)","(1, 128, 6400)",128,128,"(7,)",1,114944,734003200,none,Conv1d,"(1, 128, 6400)","(1, 38, 6400)",128,38,"(7,)",1,34086,217907200,"8,16,32",70.35,70.31
resblocks.4.convs1.1,Conv1d,"(1, 128, 6400)","(1, 128, 6400)",128,128,"(7,)",1,114944,734003200,none,Conv1d,"(1, 128, 6400)","(1, 38, 6400)",128,38,"(7,)",1,34086,217907200,"8,16,32",70.35,70.31
resblocks.4.convs1.2,Conv1d,"(1, 128, 6400)","(1, 128, 6400)",128,128,"(7,)",1,114944,734003200,none,Conv1d,"(1, 128, 6400)","(1, 38, 6400)",128,38,"(7,)",1,34086,217907200,"8,16,32",70.35,70.31
resblocks.4.convs2.0,Conv1d,"(1, 128, 6400)","(1, 128, 6400)",128,128,"(7,)",1,114944,734003200,none,Conv1d,"(1, 38, 6400)","(1, 128, 6400)",38,128,"(7,)",1,34176,217907200,"8,16,32",70.27,70.31
resblocks.4.convs2.1,Conv1d,"(1, 128, 6400)","(1, 128, 6400)",128,128,"(7,)",1,114944,734003200,none,Conv1d,"(1, 38, 6400)","(1, 128, 6400)",38,128,"(7,)",1,34176,217907200,"8,16,32",70.27,70.31
resblocks.4.convs2.2,Conv1d,"(1, 128, 6400)","(1, 128, 6400)",128,128,"(7,)",1,114944,734003200,none,Conv1d,"(1, 38, 6400)","(1, 128, 6400)",38,128,"(7,)",1,34176,217907200,"8,16,32",70.27,70.31
resblocks.5.convs1.0,Conv1d,"(1, 128, 6400)","(1, 128, 6400)",128,128,"(11,)",1,180480,1153433600,none,Conv1d,"(1, 128, 6400)","(1, 38, 6400)",128,38,"(11,)",1,53542,342425600,"8,16,32",70.33,70.31
resblocks.5.convs1.1,Conv1d,"(1, 128, 6400)","(1, 128, 6400)",128,128,"(11,)",1,180480,1153433600,none,Conv1d,"(1, 128, 6400)","(1, 38, 6400)",128,38,"(11,)",1,53542,342425600,"8,16,32",70.33,70.31
resblocks.5.convs1.2,Conv1d,"(1, 128, 6400)","(1, 128, 6400)",128,128,"(11,)",1,180480,1153433600,none,Conv1d,"(1, 128, 6400)","(1, 38, 6400)",128,38,"(11,)",1,53542,342425600,"8,16,32",70.33,70.31
resblocks.5.convs2.0,Conv1d,"(1, 128, 6400)","(1, 128, 6400)",128,128,"(11,)",1,180480,1153433600,none,Conv1d,"(1, 38, 6400)","(1, 128, 6400)",38,128,"(11,)",1,53632,342425600,"8,16,32",70.28,70.31
resblocks.5.convs2.1,Conv1d,"(1, 128, 6400)","(1, 128, 6400)",128,128,"(11,)",1,180480,1153433600,none,Conv1d,"(1, 38, 6400)","(1, 128, 6400)",38,128,"(11,)",1,53632,342425600,"8,16,32",70.28,70.31
resblocks.5.convs2.2,Conv1d,"(1, 128, 6400)","(1, 128, 6400)",128,128,"(11,)",1,180480,1153433600,none,Conv1d,"(1, 38, 6400)","(1, 128, 6400)",38,128,"(11,)",1,53632,342425600,"8,16,32",70.28,70.31
resblocks.6.convs1.0,Conv1d,"(1, 64, 12800)","(1, 64, 12800)",64,64,"(3,)",1,12416,157286400,none,Conv1d,"(1, 64, 12800)","(1, 19, 12800)",64,19,"(3,)",1,3667,46694400,"8,16,32",70.47,70.31
resblocks.6.convs1.1,Conv1d,"(1, 64, 12800)","(1, 64, 12800)",64,64,"(3,)",1,12416,157286400,none,Conv1d,"(1, 64, 12800)","(1, 19, 12800)",64,19,"(3,)",1,3667,46694400,"8,16,32",70.47,70.31
resblocks.6.convs1.2,Conv1d,"(1, 64, 12800)","(1, 64, 12800)",64,64,"(3,)",1,12416,157286400,none,Conv1d,"(1, 64, 12800)","(1, 19, 12800)",64,19,"(3,)",1,3667,46694400,"8,16,32",70.47,70.31
resblocks.6.convs2.0,Conv1d,"(1, 64, 12800)","(1, 64, 12800)",64,64,"(3,)",1,12416,157286400,none,Conv1d,"(1, 19, 12800)","(1, 64, 12800)",19,64,"(3,)",1,3712,46694400,"8,16,32",70.1,70.31
resblocks.6.convs2.1,Conv1d,"(1, 64, 12800)","(1, 64, 12800)",64,64,"(3,)",1,12416,157286400,none,Conv1d,"(1, 19, 12800)","(1, 64, 12800)",19,64,"(3,)",1,3712,46694400,"8,16,32",70.1,70.31
resblocks.6.convs2.2,Conv1d,"(1, 64, 12800)","(1, 64, 12800)",64,64,"(3,)",1,12416,157286400,none,Conv1d,"(1, 19, 12800)","(1, 64, 12800)",19,64,"(3,)",1,3712,46694400,"8,16,32",70.1,70.31
resblocks.7.convs1.0,Conv1d,"(1, 64, 12800)","(1, 64, 12800)",64,64,"(7,)",1,28800,367001600,none,Conv1d,"(1, 64, 12800)","(1, 19, 12800)",64,19,"(7,)",1,8531,108953600,"8,16,32",70.38,70.31
resblocks.7.convs1.1,Conv1d,"(1, 64, 12800)","(1, 64, 12800)",64,64,"(7,)",1,28800,367001600,none,Conv1d,"(1, 64, 12800)","(1, 19, 12800)",64,19,"(7,)",1,8531,108953600,"8,16,32",70.38,70.31
resblocks.7.convs1.2,Conv1d,"(1, 64, 12800)","(1, 64, 12800)",64,64,"(7,)",1,28800,367001600,none,Conv1d,"(1, 64, 12800)","(1, 19, 12800)",64,19,"(7,)",1,8531,108953600,"8,16,32",70.38,70.31
resblocks.7.convs2.0,Conv1d,"(1, 64, 12800)","(1, 64, 12800)",64,64,"(7,)",1,28800,367001600,none,Conv1d,"(1, 19, 12800)","(1, 64, 12800)",19,64,"(7,)",1,8576,108953600,"8,16,32",70.22,70.31
resblocks.7.convs2.1,Conv1d,"(1, 64, 12800)","(1, 64, 12800)",64,64,"(7,)",1,28800,367001600,none,Conv1d,"(1, 19, 12800)","(1, 64, 12800)",19,64,"(7,)",1,8576,108953600,"8,16,32",70.22,70.31
resblocks.7.convs2.2,Conv1d,"(1, 64, 12800)","(1, 64, 12800)",64,64,"(7,)",1,28800,367001600,none,Conv1d,"(1, 19, 12800)","(1, 64, 12800)",19,64,"(7,)",1,8576,108953600,"8,16,32",70.22,70.31
resblocks.8.convs1.0,Conv1d,"(1, 64, 12800)","(1, 64, 12800)",64,64,"(11,)",1,45184,576716800,none,Conv1d,"(1, 64, 12800)","(1, 19, 12800)",64,19,"(11,)",1,13395,171212800,"8,16,32",70.35,70.31
resblocks.8.convs1.1,Conv1d,"(1, 64, 12800)","(1, 64, 12800)",64,64,"(11,)",1,45184,576716800,none,Conv1d,"(1, 64, 12800)","(1, 19, 12800)",64,19,"(11,)",1,13395,171212800,"8,16,32",70.35,70.31
resblocks.8.convs1.2,Conv1d,"(1, 64, 12800)","(1, 64, 12800)",64,64,"(11,)",1,45184,576716800,none,Conv1d,"(1, 64, 12800)","(1, 19, 12800)",64,19,"(11,)",1,13395,171212800,"8,16,32",70.35,70.31
resblocks.8.convs2.0,Conv1d,"(1, 64, 12800)","(1, 64, 12800)",64,64,"(11,)",1,45184,576716800,none,Conv1d,"(1, 19, 12800)","(1, 64, 12800)",19,64,"(11,)",1,13440,171212800,"8,16,32",70.25,70.31
resblocks.8.convs2.1,Conv1d,"(1, 64, 12800)","(1, 64, 12800)",64,64,"(11,)",1,45184,576716800,none,Conv1d,"(1, 19, 12800)","(1, 64, 12800)",19,64,"(11,)",1,13440,171212800,"8,16,32",70.25,70.31
resblocks.8.convs2.2,Conv1d,"(1, 64, 12800)","(1, 64, 12800)",64,64,"(11,)",1,45184,576716800,none,Conv1d,"(1, 19, 12800)","(1, 64, 12800)",19,64,"(11,)",1,13440,171212800,"8,16,32",70.25,70.31
resblocks.9.convs1.0,Conv1d,"(1, 32, 25600)","(1, 32, 25600)",32,32,"(3,)",1,3136,78643200,none,Conv1d,"(1, 32, 25600)","(1, 10, 25600)",32,10,"(3,)",1,970,24576000,"8,16,32",69.07,68.75
resblocks.9.convs1.1,Conv1d,"(1, 32, 25600)","(1, 32, 25600)",32,32,"(3,)",1,3136,78643200,none,Conv1d,"(1, 32, 25600)","(1, 10, 25600)",32,10,"(3,)",1,970,24576000,"8,16,32",69.07,68.75
resblocks.9.convs1.2,Conv1d,"(1, 32, 25600)","(1, 32, 25600)",32,32,"(3,)",1,3136,78643200,none,Conv1d,"(1, 32, 25600)","(1, 10, 25600)",32,10,"(3,)",1,970,24576000,"8,16,32",69.07,68.75
resblocks.9.convs2.0,Conv1d,"(1, 32, 25600)","(1, 32, 25600)",32,32,"(3,)",1,3136,78643200,none,Conv1d,"(1, 10, 25600)","(1, 32, 25600)",10,32,"(3,)",1,992,24576000,"8,16,32",68.37,68.75
resblocks.9.convs2.1,Conv1d,"(1, 32, 25600)","(1, 32, 25600)",32,32,"(3,)",1,3136,78643200,none,Conv1d,"(1, 10, 25600)","(1, 32, 25600)",10,32,"(3,)",1,992,24576000,"8,16,32",68.37,68.75
resblocks.9.convs2.2,Conv1d,"(1, 32, 25600)","(1, 32, 25600)",32,32,"(3,)",1,3136,78643200,none,Conv1d,"(1, 10, 25600)","(1, 32, 25600)",10,32,"(3,)",1,992,24576000,"8,16,32",68.37,68.75
ups.0,ConvTranspose1d,"(1, 512, 100)","(1, 256, 800)",512,256,"(16,)",1,2097920,1677721600,none,ConvTranspose1d,"(1, 512, 100)","(1, 256, 800)",512,256,"(16,)",1,2097408,1677721600,none,0.02,0.0
ups.1,ConvTranspose1d,"(1, 256, 800)","(1, 128, 6400)",256,128,"(16,)",1,524672,3355443200,none,ConvTranspose1d,"(1, 256, 800)","(1, 128, 6400)",256,128,"(16,)",1,524416,3355443200,none,0.05,0.0
ups.2,ConvTranspose1d,"(1, 128, 6400)","(1, 64, 12800)",128,64,"(4,)",1,32960,419430400,none,ConvTranspose1d,"(1, 128, 6400)","(1, 64, 12800)",128,64,"(4,)",1,32832,419430400,none,0.39,0.0
ups.3,ConvTranspose1d,"(1, 64, 12800)","(1, 32, 25600)",64,32,"(4,)",1,8288,209715200,none,ConvTranspose1d,"(1, 64, 12800)","(1, 32, 25600)",64,32,"(4,)",1,8224,209715200,none,0.77,0.0
